{"cameraMode":{"drawMode":0,"name":"Shaded","section":"Shading Mode"},"sceneLighting":false,"audioPlay":false,"sceneViewState":{"showFog":true,"showMaterialUpdate":false,"showSkybox":false,"showFlares":true,"showImageEffects":true,"showParticleSystems":true},"in2DMode":false,"pivot":{"x":-7.194696426391602,"y":1.8977646827697755,"z":4.5251784324646},"rotation":{"x":-0.1481557935476303,"y":0.6981026530265808,"z":-0.15121369063854218,"w":-0.6839993596076965},"size":4.041658401489258,"orthographic":false}