{"cameraMode":{"drawMode":2,"name":"Shaded Wireframe","section":"Shading Mode"},"sceneLighting":true,"audioPlay":false,"sceneViewState":{"showFog":true,"showMaterialUpdate":false,"showSkybox":true,"showFlares":true,"showImageEffects":true,"showParticleSystems":true},"in2DMode":false,"pivot":{"x":-39.5181884765625,"y":8.085142135620118,"z":10.657962799072266},"rotation":{"x":-0.19186171889305116,"y":0.09089883416891098,"z":-0.01774979941546917,"w":-0.9775017499923706},"size":5.658754348754883,"orthographic":false}