{"cameraMode":{"drawMode":0,"name":"Shaded","section":"Shading Mode"},"sceneLighting":true,"audioPlay":false,"sceneViewState":{"showFog":true,"showMaterialUpdate":false,"showSkybox":true,"showFlares":true,"showImageEffects":true,"showParticleSystems":true},"in2DMode":false,"pivot":{"x":142.67691040039063,"y":55.301361083984378,"z":153.83558654785157},"rotation":{"x":0.08311798423528671,"y":-0.8821258544921875,"z":0.17049267888069154,"w":0.4313790500164032},"size":48.82160568237305,"orthographic":false}