{"cameraMode":{"drawMode":2,"name":"Shaded Wireframe","section":"Shading Mode"},"sceneLighting":true,"audioPlay":false,"sceneViewState":{"showFog":true,"showMaterialUpdate":false,"showSkybox":true,"showFlares":true,"showImageEffects":true,"showParticleSystems":true},"in2DMode":false,"pivot":{"x":-22.45546531677246,"y":2.2287774085998537,"z":4.376639366149902},"rotation":{"x":0.06735130399465561,"y":-0.9315200448036194,"z":0.2283000349998474,"w":0.2753971517086029},"size":15.362825393676758,"orthographic":false}