{"cameraMode":{"drawMode":2,"name":"Shaded Wireframe","section":"Shading Mode"},"sceneLighting":true,"audioPlay":false,"sceneViewState":{"showFog":true,"showMaterialUpdate":false,"showSkybox":true,"showFlares":true,"showImageEffects":true,"showParticleSystems":true},"in2DMode":false,"pivot":{"x":-83.2897720336914,"y":-11.106785774230957,"z":7.601944923400879},"rotation":{"x":0.10815716534852982,"y":-0.7055908441543579,"z":0.10996986925601959,"w":0.6921379566192627},"size":62.38112258911133,"orthographic":false}