{"cameraMode":{"drawMode":0,"name":"Shaded","section":"Shading Mode"},"sceneLighting":false,"audioPlay":false,"sceneViewState":{"showFog":true,"showMaterialUpdate":false,"showSkybox":false,"showFlares":true,"showImageEffects":true,"showParticleSystems":true},"in2DMode":false,"pivot":{"x":5.315000057220459,"y":0.8630000352859497,"z":2.369999885559082},"rotation":{"x":0.0021923822350800039,"y":-0.9973974823951721,"z":0.06473004817962647,"w":0.033214081078767779},"size":3.3895349502563478,"orthographic":false}