{"cameraMode":{"drawMode":2,"name":"Shaded Wireframe","section":"Shading Mode"},"sceneLighting":true,"audioPlay":false,"sceneViewState":{"showFog":true,"showMaterialUpdate":false,"showSkybox":true,"showFlares":true,"showImageEffects":true,"showParticleSystems":true},"in2DMode":false,"pivot":{"x":2.365447998046875,"y":2.7271289825439455,"z":0.8889656066894531},"rotation":{"x":-0.07395371794700623,"y":0.8742632865905762,"z":-0.14203888177871705,"w":-0.45859163999557497},"size":16.253198623657228,"orthographic":false}