{"cameraMode":{"drawMode":2,"name":"Shaded Wireframe","section":"Shading Mode"},"sceneLighting":true,"audioPlay":false,"sceneViewState":{"showFog":true,"showMaterialUpdate":false,"showSkybox":true,"showFlares":true,"showImageEffects":true,"showParticleSystems":true},"in2DMode":false,"pivot":{"x":-359.9516296386719,"y":-247.45516967773438,"z":125.26161193847656},"rotation":{"x":-0.24859865009784699,"y":0.55616295337677,"z":-0.1783691793680191,"w":-0.7733042240142822},"size":449.2309265136719,"orthographic":false}