{"cameraMode":{"drawMode":2,"name":"Shaded Wireframe","section":"Shading Mode"},"sceneLighting":true,"audioPlay":false,"sceneViewState":{"showFog":true,"showMaterialUpdate":false,"showSkybox":true,"showFlares":true,"showImageEffects":true,"showParticleSystems":true},"in2DMode":false,"pivot":{"x":-29.182214736938478,"y":7.201201438903809,"z":11.227313041687012},"rotation":{"x":-0.0974828377366066,"y":-0.4570412337779999,"z":0.050141748040914538,"w":-0.88303542137146},"size":9.529621124267579,"orthographic":false}