{"cameraMode":{"drawMode":2,"name":"Shaded Wireframe","section":"Shading Mode"},"sceneLighting":true,"audioPlay":false,"sceneViewState":{"showFog":true,"showMaterialUpdate":false,"showSkybox":true,"showFlares":true,"showImageEffects":true,"showParticleSystems":true},"in2DMode":false,"pivot":{"x":7.580846786499023,"y":14.379639625549317,"z":9.703495025634766},"rotation":{"x":-0.2092578411102295,"y":0.4207035005092621,"z":-0.10063797235488892,"w":-0.8771333694458008},"size":8.99220085144043,"orthographic":false}