{"cameraMode":{"drawMode":0,"name":"Shaded","section":"Shading Mode"},"sceneLighting":true,"audioPlay":false,"sceneViewState":{"showFog":true,"showMaterialUpdate":false,"showSkybox":true,"showFlares":true,"showImageEffects":true,"showParticleSystems":true},"in2DMode":false,"pivot":{"x":-5.424626350402832,"y":4.64691162109375,"z":-52.12160873413086},"rotation":{"x":-0.00031015253625810146,"y":0.9979424476623535,"z":-0.004799545742571354,"w":-0.06415415555238724},"size":64.14482116699219,"orthographic":false}