{"cameraMode":{"drawMode":2,"name":"Shaded Wireframe","section":"Shading Mode"},"sceneLighting":true,"audioPlay":false,"sceneViewState":{"showFog":true,"showMaterialUpdate":false,"showSkybox":true,"showFlares":true,"showImageEffects":true,"showParticleSystems":true},"in2DMode":false,"pivot":{"x":-14.62199592590332,"y":4.875944137573242,"z":4.4302215576171879},"rotation":{"x":0.013618314638733864,"y":0.9776995778083801,"z":-0.0663796216249466,"w":0.1991865038871765},"size":8.58132266998291,"orthographic":false}