{"cameraMode":{"drawMode":2,"name":"Shaded Wireframe","section":"Shading Mode"},"sceneLighting":true,"audioPlay":false,"sceneViewState":{"showFog":true,"showMaterialUpdate":false,"showSkybox":true,"showFlares":true,"showImageEffects":true,"showParticleSystems":true},"in2DMode":false,"pivot":{"x":-110.93193817138672,"y":35.95240783691406,"z":-9.715103149414063},"rotation":{"x":-0.11423537880182266,"y":-0.7795298099517822,"z":-0.14697429537773133,"w":0.5984427332878113},"size":79.05029296875,"orthographic":false}