{"cameraMode":{"drawMode":2,"name":"Shaded Wireframe","section":"Shading Mode"},"sceneLighting":true,"audioPlay":false,"sceneViewState":{"showFog":true,"showMaterialUpdate":false,"showSkybox":true,"showFlares":true,"showImageEffects":true,"showParticleSystems":true},"in2DMode":false,"pivot":{"x":185.31785583496095,"y":-292.2425537109375,"z":282.2463073730469},"rotation":{"x":0.32819080352783205,"y":0.3140812814235687,"z":-0.11725757271051407,"w":0.8836475014686585},"size":483.2938232421875,"orthographic":false}