{"cameraMode":{"drawMode":0,"name":"Shaded","section":"Shading Mode"},"sceneLighting":true,"audioPlay":false,"sceneViewState":{"showFog":true,"showMaterialUpdate":false,"showSkybox":true,"showFlares":true,"showImageEffects":true,"showParticleSystems":true},"in2DMode":false,"pivot":{"x":-7.877676010131836,"y":-1.2140655517578126,"z":2.165454149246216},"rotation":{"x":-0.1481557935476303,"y":0.6981026530265808,"z":-0.15121369063854218,"w":-0.6839993596076965},"size":30.308263778686525,"orthographic":false}