{"cameraMode":{"drawMode":0,"name":"Shaded","section":"Shading Mode"},"sceneLighting":true,"audioPlay":false,"sceneViewState":{"showFog":true,"showMaterialUpdate":false,"showSkybox":true,"showFlares":true,"showImageEffects":true,"showParticleSystems":true},"in2DMode":false,"pivot":{"x":-26.28390884399414,"y":-6.614859580993652,"z":-8.14183235168457},"rotation":{"x":-0.10750634968280792,"y":0.8002548217773438,"z":-0.15084481239318849,"w":-0.5703420639038086},"size":40.68724060058594,"orthographic":false}