{"cameraMode":{"drawMode":2,"name":"Shaded Wireframe","section":"Shading Mode"},"sceneLighting":true,"audioPlay":false,"sceneViewState":{"showFog":true,"showMaterialUpdate":false,"showSkybox":true,"showFlares":true,"showImageEffects":true,"showParticleSystems":true},"in2DMode":false,"pivot":{"x":-36.39720916748047,"y":3.0917654037475588,"z":31.19131088256836},"rotation":{"x":-0.13788609206676484,"y":0.4847259223461151,"z":-0.07857709378004074,"w":-0.8606541156768799},"size":33.8869743347168,"orthographic":false}