{"cameraMode":{"drawMode":2,"name":"Shaded Wireframe","section":"Shading Mode"},"sceneLighting":true,"audioPlay":false,"sceneViewState":{"showFog":true,"showMaterialUpdate":false,"showSkybox":true,"showFlares":true,"showImageEffects":true,"showParticleSystems":true},"in2DMode":false,"pivot":{"x":495.8681640625,"y":-60.946128845214847,"z":19.034332275390626},"rotation":{"x":0.056140873581171039,"y":0.6915772557258606,"z":-0.05452761426568031,"w":0.7186943292617798},"size":541.3236694335938,"orthographic":false}