{"cameraMode":{"drawMode":2,"name":"Shaded Wireframe","section":"Shading Mode"},"sceneLighting":true,"audioPlay":false,"sceneViewState":{"showFog":true,"showMaterialUpdate":false,"showSkybox":true,"showFlares":true,"showImageEffects":true,"showParticleSystems":true},"in2DMode":false,"pivot":{"x":-15.72652530670166,"y":-4.030384063720703,"z":-3.6377906799316408},"rotation":{"x":0.2625313699245453,"y":-0.17651312053203584,"z":0.048909448087215427,"w":0.9474545121192932},"size":11.951375007629395,"orthographic":false}