{"cameraMode":{"drawMode":0,"name":"Shaded","section":"Shading Mode"},"sceneLighting":true,"audioPlay":false,"sceneViewState":{"showFog":true,"showMaterialUpdate":false,"showSkybox":true,"showFlares":true,"showImageEffects":true,"showParticleSystems":true},"in2DMode":false,"pivot":{"x":2.1552517414093019,"y":2.158567190170288,"z":4.305069446563721},"rotation":{"x":-0.19530634582042695,"y":0.6493509411811829,"z":-0.17783492803573609,"w":-0.7131574749946594},"size":3.594839096069336,"orthographic":false}