{"cameraMode":{"drawMode":2,"name":"Shaded Wireframe","section":"Shading Mode"},"sceneLighting":true,"audioPlay":false,"sceneViewState":{"showFog":true,"showMaterialUpdate":false,"showSkybox":true,"showFlares":true,"showImageEffects":true,"showParticleSystems":true},"in2DMode":false,"pivot":{"x":-17.331470489501954,"y":7.941802024841309,"z":7.524453163146973},"rotation":{"x":-0.11453508585691452,"y":0.8602422475814819,"z":-0.4449205994606018,"w":-0.22151616215705872},"size":16.076797485351564,"orthographic":false}