{"cameraMode":{"drawMode":2,"name":"Shaded Wireframe","section":"Shading Mode"},"sceneLighting":true,"audioPlay":false,"sceneViewState":{"showFog":true,"showMaterialUpdate":false,"showSkybox":true,"showFlares":true,"showImageEffects":true,"showParticleSystems":true},"in2DMode":false,"pivot":{"x":6.913057327270508,"y":6.062347412109375,"z":7.821323394775391},"rotation":{"x":-0.20079964399337769,"y":0.7915549874305725,"z":-0.46384066343307497,"w":-0.34388798475265505},"size":16.36179542541504,"orthographic":false}