{"cameraMode":{"drawMode":2,"name":"Shaded Wireframe","section":"Shading Mode"},"sceneLighting":true,"audioPlay":false,"sceneViewState":{"showFog":true,"showMaterialUpdate":false,"showSkybox":true,"showFlares":true,"showImageEffects":true,"showParticleSystems":true},"in2DMode":false,"pivot":{"x":-23.696338653564454,"y":-3.7695465087890627,"z":0.3396263122558594},"rotation":{"x":0.006105190608650446,"y":0.9153813719749451,"z":-0.40254873037338259,"w":0.013685628771781922},"size":33.10144805908203,"orthographic":false}