{"cameraMode":{"drawMode":0,"name":"Shaded","section":"Shading Mode"},"sceneLighting":false,"audioPlay":false,"sceneViewState":{"showFog":true,"showMaterialUpdate":false,"showSkybox":false,"showFlares":true,"showImageEffects":true,"showParticleSystems":true},"in2DMode":false,"pivot":{"x":-0.1979999840259552,"y":0.0012395158410072327,"z":-0.040006279945373538},"rotation":{"x":-0.2773890793323517,"y":-0.13268576562404633,"z":0.038468774408102038,"w":-0.9508792161941528},"size":1.9383604526519776,"orthographic":false}