{"cameraMode":{"drawMode":2,"name":"Shaded Wireframe","section":"Shading Mode"},"sceneLighting":true,"audioPlay":false,"sceneViewState":{"showFog":true,"showMaterialUpdate":false,"showSkybox":true,"showFlares":true,"showImageEffects":true,"showParticleSystems":true},"in2DMode":false,"pivot":{"x":-3.8888232707977297,"y":-4.093845367431641,"z":-4.163324356079102},"rotation":{"x":-0.051374003291130069,"y":0.891627848148346,"z":-0.43767398595809939,"w":-0.10485028475522995},"size":29.74661636352539,"orthographic":false}