{"cameraMode":{"drawMode":0,"name":"Shaded","section":"Shading Mode"},"sceneLighting":true,"audioPlay":false,"sceneViewState":{"showFog":true,"showMaterialUpdate":false,"showSkybox":true,"showFlares":true,"showImageEffects":true,"showParticleSystems":true},"in2DMode":false,"pivot":{"x":22.318721771240236,"y":-128.9349822998047,"z":239.9755096435547},"rotation":{"x":-0.2603412866592407,"y":-0.048336826264858249,"z":0.013038872741162777,"w":-0.9642354846000671},"size":295.25677490234377,"orthographic":false}