{"cameraMode":{"drawMode":0,"name":"Shaded","section":"Shading Mode"},"sceneLighting":true,"audioPlay":false,"sceneViewState":{"showFog":true,"showMaterialUpdate":false,"showSkybox":true,"showFlares":true,"showImageEffects":true,"showParticleSystems":true},"in2DMode":false,"pivot":{"x":-54.01631164550781,"y":-7.576425075531006,"z":6.84039306640625},"rotation":{"x":-0.224312886595726,"y":0.6783475279808044,"z":-0.23031364381313325,"w":-0.6606729030609131},"size":19.492353439331056,"orthographic":false}