{"cameraMode":{"drawMode":0,"name":"Shaded","section":"Shading Mode"},"sceneLighting":false,"audioPlay":false,"sceneViewState":{"showFog":true,"showMaterialUpdate":false,"showSkybox":false,"showFlares":true,"showImageEffects":true,"showParticleSystems":true},"in2DMode":false,"pivot":{"x":1331.0704345703125,"y":-1272.074951171875,"z":1460.312255859375},"rotation":{"x":-0.3133777678012848,"y":-0.3070999085903168,"z":0.1078919991850853,"w":-0.8921310305595398},"size":3970.117431640625,"orthographic":false}