{"cameraMode":{"drawMode":0,"name":"Shaded","section":"Shading Mode"},"sceneLighting":true,"audioPlay":false,"sceneViewState":{"showFog":true,"showMaterialUpdate":false,"showSkybox":false,"showFlares":true,"showImageEffects":true,"showParticleSystems":true},"in2DMode":false,"pivot":{"x":448.3075256347656,"y":13.31248664855957,"z":685.389404296875},"rotation":{"x":0.13103657960891725,"y":0.009132083505392075,"z":-0.0012323384871706367,"w":0.9914125800132752},"size":22.0,"orthographic":false}