{"cameraMode":{"drawMode":0,"name":"Shaded","section":"Shading Mode"},"sceneLighting":true,"audioPlay":false,"sceneViewState":{"showFog":true,"showMaterialUpdate":false,"showSkybox":false,"showFlares":true,"showImageEffects":true,"showParticleSystems":true},"in2DMode":false,"pivot":{"x":489.9000244140625,"y":57.049991607666019,"z":490.8499755859375},"rotation":{"x":-0.01276636216789484,"y":-0.9838889241218567,"z":0.16020312905311585,"w":-0.07840779423713684},"size":181.09695434570313,"orthographic":false}