{"cameraMode":{"drawMode":0,"name":"Shaded","section":"Shading Mode"},"sceneLighting":true,"audioPlay":false,"sceneViewState":{"showFog":true,"showMaterialUpdate":false,"showSkybox":true,"showFlares":true,"showImageEffects":true,"showParticleSystems":true},"in2DMode":false,"pivot":{"x":301.5152282714844,"y":-26.344369888305665,"z":301.84521484375},"rotation":{"x":0.21428538858890534,"y":-0.5075154304504395,"z":0.1319712996482849,"w":0.8240745663642883},"size":2196.683837890625,"orthographic":false}