{"cameraMode":{"drawMode":0,"name":"Shaded","section":"Shading Mode"},"sceneLighting":true,"audioPlay":false,"sceneViewState":{"showFog":true,"showMaterialUpdate":false,"showSkybox":true,"showFlares":true,"showImageEffects":true,"showParticleSystems":true},"in2DMode":false,"pivot":{"x":393.09698486328127,"y":-14.088579177856446,"z":546.500732421875},"rotation":{"x":0.09974341839551926,"y":0.8916637301445007,"z":-0.37407994270324709,"w":0.23798756301403047},"size":79.84750366210938,"orthographic":false}