{"cameraMode":{"drawMode":1,"name":"Wireframe","section":"Shading Mode"},"sceneLighting":true,"audioPlay":false,"sceneViewState":{"showFog":true,"showMaterialUpdate":false,"showSkybox":true,"showFlares":true,"showImageEffects":true,"showParticleSystems":true},"in2DMode":false,"pivot":{"x":348.56707763671877,"y":3.488546371459961,"z":513.8550415039063},"rotation":{"x":0.11830051988363266,"y":0.8820759057998657,"z":-0.3303280770778656,"w":0.3168928325176239},"size":5.638732433319092,"orthographic":false}