{"cameraMode":{"drawMode":0,"name":"Shaded","section":"Shading Mode"},"sceneLighting":true,"audioPlay":false,"sceneViewState":{"showFog":true,"showMaterialUpdate":false,"showSkybox":true,"showFlares":true,"showImageEffects":true,"showParticleSystems":true},"in2DMode":false,"pivot":{"x":646.3655395507813,"y":166.84140014648438,"z":599.9568481445313},"rotation":{"x":-0.21837295591831208,"y":0.5509078502655029,"z":-0.15223753452301026,"w":-0.7911714911460877},"size":3.3884329795837404,"orthographic":false}